Workbook

Sheet Read Me
A1: AISS Verification Evidence Log
A3: Purpose | B3: Executable answer to: "How are you checking after each AISS that the output meets the step requirements?"
A4: Project | B4: Habot UDF mobile client (Flutter) - habot-mobile/udf_setup
A5: Owner | B5: Fredrick
A6: Date | B6: 11 August 2026
A7: Requirements source | B7: My stepsFN06082026.xlsx -> Fredrick sheet (49 columns per step)
A8: Companion doc | B8: AISS_Verification_Methodology.md (full narrative)
A10: How to regenerate | B10: cd habot-mobile/udf_setup && ./tool/verify_aiss.sh
B11: It writes build/aiss/evidence.json and build/aiss/contrast_audit.txt
A13: Tabs | B13: Step Summary - one row per atomic step, metric bands, derived completion status
B14: Gate Register - all 72 gates, each with the verbatim requirement it defends
B15: Contrast Audit - every colour pair and its measured WCAG ratio
A17: STATUS COLUMN | B17: "Verified (sandbox)" = the computation was executed and the number is real.
B18: "Pending local run" = needs flutter analyze / flutter test on Fredrick's Mac.
B19: Compilation has NOT been run anywhere yet - see Methodology doc section 7.
A21: OPEN DECISIONS | B21: 1. Brand has not signed off the corporate palette. tokens.json is marked PROVISIONAL.
B22: 2. Zoom lock (RCGLA-012 substep 2) deferred - fails WCAG 2.1 SC 1.4.4. Needs Fredrick decision.
B23: 3. Gutter contradiction between RCGLA-012 (8px) and RCGLA-032 (16px) - resolved in code as two
B24: tokens (column gutter 16dp, vertical rhythm 8dp). The source sheet should be reconciled.
B25: 4. SSTLA-004 reviewer quality score (1-5) needs a human. Objective rubric is 5.0/5.0.
A27: DEFERRED GATES | B27: A deferral is NOT a pass. The step stays Partial. It only stops the gate runner going
B28: permanently red so a real regression stays visible. Deferred rows are shaded orange.

Sheet Step Summary
A1: Impl. Order | B1: Global Ref ID | C1: Atomic Step Ref ID | D1: Setup Step (Action) | E1: Metric Name | F1: Floor Boundary | G1: Optimal Target | H1: Ceiling Boundary | I1: Observed Value | J1: Gates Defined | K1: Gates Deferred | L1: Gates Passing | M1: Derived Completion Status | N1: Best Qualitative Output Scale
A2: 1 | B2: TTMCS-001 | C2: TTMCS-001-A01 | D2: Install and configure the verified Material 3 layout component framework within frontend client packages. | E2: Business Rule / Threshold Definition Coverage | F2: 90% of rules formally defined | G2: 100% of rules formally defined and peer-reviewed | H2: 100% defined, reviewed, and versioned in approved spec | I2: 7 of 7 declared rules gated = 100% | J2: =COUNTIF('Gate Register'!$D:$D,$C2) -> 7 | K2: =COUNTIFS('Gate Register'!$D:$D,$C2,'Gate Register'!$I:$I,"DEFERRED") -> 0 | L2: =COUNTIFS('Gate Register'!$D:$D,$C2,'Gate Register'!$K:$K,"Pass") -> 0 | M2: =IF($J2=0,"Not Complete",IF($L2=$J2,"Complete",IF($L2=0,"Not Complete","Partial"))) -> Not Complete | N2: Complete / Partial / Not Complete
A3: 2 | B3: RCGLA-001 | C3: RCGLA-001-A01 | D3: Build global corporate style token variables inside the mobile client framework. | E3: Scope Coverage / Audit Completeness | F3: 80% of relevant items identified | G3: 100% of relevant items identified and logged | H3: 100% identified, logged, cross-checked against spec | I3: 5 of 5 asset families tokenised = 100% | J3: =COUNTIF('Gate Register'!$D:$D,$C3) -> 6 | K3: =COUNTIFS('Gate Register'!$D:$D,$C3,'Gate Register'!$I:$I,"DEFERRED") -> 0 | L3: =COUNTIFS('Gate Register'!$D:$D,$C3,'Gate Register'!$K:$K,"Pass") -> 0 | M3: =IF($J3=0,"Not Complete",IF($L3=$J3,"Complete",IF($L3=0,"Not Complete","Partial"))) -> Not Complete | N3: Complete / Partial / Not Complete
A4: 3 | B4: TTMCS-004 | C4: TTMCS-004-A01 | D4: Configure Atomic Light/Dark Adaptation Tokens | E4: Material Design Density Compliance (dp) | F4: 4dp minimum spacing | G4: 6-8dp padding / 32-48dp row height | H4: 12dp maximum density | I4: dense padding 8dp, row height 40dp - inside optimal band | J4: =COUNTIF('Gate Register'!$D:$D,$C4) -> 9 | K4: =COUNTIFS('Gate Register'!$D:$D,$C4,'Gate Register'!$I:$I,"DEFERRED") -> 0 | L4: =COUNTIFS('Gate Register'!$D:$D,$C4,'Gate Register'!$K:$K,"Pass") -> 0 | M4: =IF($J4=0,"Not Complete",IF($L4=$J4,"Complete",IF($L4=0,"Not Complete","Partial"))) -> Not Complete | N4: Good / Average / Poor
A5: 4 | B5: TTMCS-005 | C5: TTMCS-005-A01 | D5: Mobile Dark Mode Contrast Enforcement | E5: WCAG Colour Contrast Ratio | F5: 4.5:1 (WCAG 2.1 AA minimum) | G5: 7:1 (WCAG 2.1 AAA target) | H5: No upper bound; avoid glare beyond 21:1 | I5: worst rung 10.71:1, worst pair anywhere 6.54:1 | J5: =COUNTIF('Gate Register'!$D:$D,$C5) -> 8 | K5: =COUNTIFS('Gate Register'!$D:$D,$C5,'Gate Register'!$I:$I,"DEFERRED") -> 0 | L5: =COUNTIFS('Gate Register'!$D:$D,$C5,'Gate Register'!$K:$K,"Pass") -> 0 | M5: =IF($J5=0,"Not Complete",IF($L5=$J5,"Complete",IF($L5=0,"Not Complete","Partial"))) -> Not Complete | N5: Pass / Fail
A6: 5 | B6: SSTLA-004 | C6: SSTLA-004-A01 | D6: Define the exact base breakpoint, column count, fluid margin, and gutter widths for the core mobile experience. | E6: Task Execution Quality Score (1-5 scale) | F6: 3.5 | G6: 4.5 | H6: 5.0 | I6: objective rubric 5.0/5.0; REVIEWER SCORE PENDING (human input required) | J6: =COUNTIF('Gate Register'!$D:$D,$C6) -> 8 | K6: =COUNTIFS('Gate Register'!$D:$D,$C6,'Gate Register'!$I:$I,"DEFERRED") -> 0 | L6: =COUNTIFS('Gate Register'!$D:$D,$C6,'Gate Register'!$K:$K,"Pass") -> 0 | M6: =IF($J6=0,"Not Complete",IF($L6=$J6,"Complete",IF($L6=0,"Not Complete","Partial"))) -> Not Complete | N6: Good / Average / Poor
A7: 6 | B7: RCGLA-012 | C7: RCGLA-012-A01 | D7: Initialize Atomic Grid System & Mobile Viewport Constraints | E7: Asset/Resource Location & Access Confirmation | F7: 0.8 | G7: 0.95 | H7: 1.0 | I7: 1.0 - grid config reachable from one documented location; 2 gates DEFERRED (zoom lock, CLS) | J7: =COUNTIF('Gate Register'!$D:$D,$C7) -> 7 | K7: =COUNTIFS('Gate Register'!$D:$D,$C7,'Gate Register'!$I:$I,"DEFERRED") -> 2 | L7: =COUNTIFS('Gate Register'!$D:$D,$C7,'Gate Register'!$K:$K,"Pass") -> 0 | M7: =IF($J7=0,"Not Complete",IF($L7=$J7,"Complete",IF($L7=0,"Not Complete","Partial"))) -> Not Complete | N7: Pass / Fail
A8: 7 | B8: RCGLA-032 | C8: RCGLA-032-A01 | D8: Configure the MD3 adaptive 4-column fluid layout token engine for mobile screens. | E8: Asset/Resource Location & Access Confirmation (dp band) | F8: 4dp | G8: 8dp | H8: 16dp | I8: vertical rhythm 8dp - sits exactly on the Optimal target | J8: =COUNTIF('Gate Register'!$D:$D,$C8) -> 7 | K8: =COUNTIFS('Gate Register'!$D:$D,$C8,'Gate Register'!$I:$I,"DEFERRED") -> 0 | L8: =COUNTIFS('Gate Register'!$D:$D,$C8,'Gate Register'!$K:$K,"Pass") -> 0 | M8: =IF($J8=0,"Not Complete",IF($L8=$J8,"Complete",IF($L8=0,"Not Complete","Partial"))) -> Not Complete | N8: Pass / Fail
A9: 8 | B9: RCGLA-018 | C9: RCGLA-018-A01 | D9: Universal Master Layout Architecture | E9: Scope Coverage / Audit Completeness | F9: 80% of relevant items identified | G9: 100% identified and logged in an inventory register | H9: 100% identified, logged, cross-checked against spec | I9: 100% of discovered screens use the master wrapper | J9: =COUNTIF('Gate Register'!$D:$D,$C9) -> 6 | K9: =COUNTIFS('Gate Register'!$D:$D,$C9,'Gate Register'!$I:$I,"DEFERRED") -> 0 | L9: =COUNTIFS('Gate Register'!$D:$D,$C9,'Gate Register'!$K:$K,"Pass") -> 0 | M9: =IF($J9=0,"Not Complete",IF($L9=$J9,"Complete",IF($L9=0,"Not Complete","Partial"))) -> Not Complete | N9: Complete
A10: 9 | B10: ANSA-012 | C10: ANSA-012-A01 | D10: Establish Contextual Navigation Header Framework. | E10: Environment / Asset Access Readiness | F10: Located on first attempt | G10: Path version-controlled & documented | H10: N/A (one-time setup) | I10: Header module version-controlled at one documented path | J10: =COUNTIF('Gate Register'!$D:$D,$C10) -> 7 | K10: =COUNTIFS('Gate Register'!$D:$D,$C10,'Gate Register'!$I:$I,"DEFERRED") -> 0 | L10: =COUNTIFS('Gate Register'!$D:$D,$C10,'Gate Register'!$K:$K,"Pass") -> 0 | M10: =IF($J10=0,"Not Complete",IF($L10=$J10,"Complete",IF($L10=0,"Not Complete","Partial"))) -> Not Complete | N10: Complete / Partial / Not Complete
A11: 10 | B11: TTMAC-011 | C11: TTMAC-011-A01 | D11: Touch-Target Optimization Framework Setup (48x48 dp Minimum Interaction Nodes). | E11: Environment / Asset Access Readiness | F11: Located on first attempt | G11: Path version-controlled & documented | H11: N/A (one-time setup) | I11: All rendered targets measured >= 48dp across 3 device profiles | J11: =COUNTIF('Gate Register'!$D:$D,$C11) -> 7 | K11: =COUNTIFS('Gate Register'!$D:$D,$C11,'Gate Register'!$I:$I,"DEFERRED") -> 0 | L11: =COUNTIFS('Gate Register'!$D:$D,$C11,'Gate Register'!$K:$K,"Pass") -> 0 | M11: =IF($J11=0,"Not Complete",IF($L11=$J11,"Complete",IF($L11=0,"Not Complete","Partial"))) -> Not Complete | N11: Complete / Partial / Not Complete
C12: TOTAL | J12: =SUM(J2:J11) -> 72 | K12: =SUM(K2:K11) -> 2 | L12: =SUM(L2:L11) -> 0 | M12: =IF(L12=J12,"ALL COMPLETE","INCOMPLETE") -> INCOMPLETE

Sheet Gate Register
A1: # | B1: Impl. Order | C1: Global Ref ID | D1: Atomic Step Ref ID | E1: Gate ID | F1: Requirement Defended (verbatim from step sheet) | G1: What the Gate Asserts | H1: Gate Type | I1: Status | J1: Executed in Sandbox? | K1: Result (fill after local run)
A2: 1 | B2: 1 | C2: TTMCS-001 | D2: TTMCS-001-A01 | E2: TTMCS-001-G1 | F2: 4 Substeps #1: "Add the modern design library package framework to the project development dependencies." | G2: Material 3 is enabled on both themes | H2: Unit / static | I2: Active | J2: No - needs flutter test
A3: 2 | B3: 1 | C3: TTMCS-001 | D3: TTMCS-001-A01 | E3: TTMCS-001-G2 | F3: 4 Substeps #2: "Instantiate the global theme configuration adapter at the layout layer." | G3: Both themes expose the HabotTokens extension and correct brightness | H3: Unit / static | I3: Active | J3: No - needs flutter test
A4: 3 | B4: 1 | C4: TTMCS-001 | D4: TTMCS-001-A01 | E4: TTMCS-001-G3 | F4: What Standardized Must Be Done: "All custom user interfaces must use pre-verified design tokens explicitly." | G4: Every ColorScheme role resolves to the pinned brand token | H4: Unit / static | I4: Active | J4: No - needs flutter test
A5: 4 | B5: 1 | C5: TTMCS-001 | D5: TTMCS-001-A01 | E5: TTMCS-001-G4 | F5: 4 Substeps #3: "Configure global fluid containers that reflow components dynamically based on screen widths." | G5: Window class and column count reflow across every breakpoint | H5: Unit / static | I5: Active | J5: No - needs flutter test
A6: 5 | B6: 1 | C6: TTMCS-001 | D6: TTMCS-001-A01 | E6: TTMCS-001-G5 | F6: Mobile-First & Responsive UX MD Decision: "Sidebar navigation components auto-collapse smoothly on screen layout sizes under 768px." | G6: Navigation collapse threshold is exactly 768dp, boundary-inclusive | H6: Unit / static | I6: Active | J6: No - needs flutter test
A7: 6 | B7: 1 | C7: TTMCS-001 | D7: TTMCS-001-A01 | E7: TTMCS-001-G6 | F7: Mobile-First & Responsive UI MD Decision: "UI page frames apply subtle dynamic linear gradients (#F2F6F9 to #EEF2F6)." | G7: Light page frame carries the two specified gradient stops | H7: Unit / static | I7: Active | J7: Yes - value computed
A8: 7 | B8: 1 | C8: TTMCS-001 | D8: TTMCS-001-A01 | E8: TTMCS-001-G7 | F8: 4 Substeps #4: "Run automated interface rendering tests to confirm uniform component appearance across target device emulators." | G8: App renders overflow-free at 320/393/744/1024dp widths | H8: Widget / runtime | I8: Active | J8: No - needs flutter test
A9: 8 | B9: 2 | C9: RCGLA-001 | D9: RCGLA-001-A01 | E9: RCGLA-001-G1 | F9: 4 Substeps #1: "Map semantic spacing constants (margins, paddings, column gaps) inside theme configurations." + Mobile-First UI Decision: "Apply forced 8dp baseline grid steps." | G9: Every spacing token sits on the 4dp sub-baseline, and all steps above the sub-baseline sit on the 8dp baseline | H9: Unit / static | I9: Active | J9: Yes - value computed
A10: 9 | B10: 2 | C10: RCGLA-001 | D10: RCGLA-001-A01 | E10: RCGLA-001-G2 | F10: 4 Substeps #2: "Implement an adaptive 4-column layout matrix optimized for compact smartphone screens." | G10: Compact matrix is 4 columns, and column arithmetic never goes negative down to the 320dp floor | H10: WCAG contrast | I10: Active | J10: Yes - value computed
A11: 10 | B11: 2 | C11: RCGLA-001 | D11: RCGLA-001-A01 | E11: RCGLA-001-G3 | F11: 4 Substeps #3: "Code standardized element elevation levels and background shadow weight variables." | G11: Elevation ladder is complete, monotonic, and defined for both schemes | H11: Unit / static | I11: Active | J11: No - needs flutter test
A12: 11 | B12: 2 | C12: RCGLA-001 | D12: RCGLA-001-A01 | E12: RCGLA-001-G4 | F12: Setup Step Description: "Gather all brand identity assets -- color palette, typography, spacing, iconography, elevation." + Data Collected: Font Name; Font Size; Line Height; Font Weight; Font File Path | G12: All 15 MD3 type roles are defined with size, line height and weight, and every TextTheme slot is populated from them | H12: Unit / static | I12: Active | J12: No - needs flutter test
A13: 12 | B13: 2 | C13: RCGLA-001 | D13: RCGLA-001-A01 | E13: RCGLA-001-G5 | F13: TTMCS-001 UX Implementation: "Component container borders match rigid brand theme rules precisely." | G13: Corner radii are non-negative, ascending, and on the 4dp sub-baseline | H13: Unit / static | I13: Active | J13: Yes - value computed
... A73: 72 | B73: 10 | C73: TTMAC-011 | D73: TTMAC-011-A01 | E73: TTMAC-011-G7 | F73: 4 Substeps #2: "Inject transparent target expansion boxes around micro-icons or selector ticks." + #4: "Map long-press interaction paths to reveal detailed tooltips." | G73: A 12dp icon renders at 12dp but is wrapped in a >=48dp tap area, and long-press surfaces the detail tooltip | H73: Widget / runtime | I73: Active | J73: No - needs flutter test

Sheet Contrast Audit
A1: Scheme | B1: Foreground Role | C1: Foreground Hex | D1: Background Role | E1: Background Hex | F1: Category | G1: Measured Ratio | H1: Floor Required | I1: WCAG Grade | J1: Result
A2: light | B2: onPrimary | C2: #FFFFFF | D2: primary | E2: #00538A | F2: Text | G2: 8.06 | H2: 4.5 | I2: AAA | J2: =IF(G2>=H2,"PASS","FAIL") -> PASS
A3: light | B3: onPrimaryContainer | C3: #001D33 | D3: primaryContainer | E3: #CDE5FF | F3: Text | G3: 13.28 | H3: 4.5 | I3: AAA | J3: =IF(G3>=H3,"PASS","FAIL") -> PASS
A4: light | B4: onSecondary | C4: #FFFFFF | D4: secondary | E4: #00565B | F4: Text | G4: 8.46 | H4: 4.5 | I4: AAA | J4: =IF(G4>=H4,"PASS","FAIL") -> PASS
A5: light | B5: onSecondaryContainer | C5: #00201F | D5: secondaryContainer | E5: #B0ECF1 | F5: Text | G5: 13.14 | H5: 4.5 | I5: AAA | J5: =IF(G5>=H5,"PASS","FAIL") -> PASS
A6: light | B6: onTertiary | C6: #FFFFFF | D6: tertiary | E6: #5A4666 | F6: Text | G6: 8.39 | H6: 4.5 | I6: AAA | J6: =IF(G6>=H6,"PASS","FAIL") -> PASS
A7: light | B7: onTertiaryContainer | C7: #231531 | D7: tertiaryContainer | E7: #F0DBFF | F7: Text | G7: 13.31 | H7: 4.5 | I7: AAA | J7: =IF(G7>=H7,"PASS","FAIL") -> PASS
A8: light | B8: onError | C8: #FFFFFF | D8: error | E8: #B3261E | F8: Text | G8: 6.54 | H8: 4.5 | I8: AA | J8: =IF(G8>=H8,"PASS","FAIL") -> PASS
A9: light | B9: onErrorContainer | C9: #410E0B | D9: errorContainer | E9: #F9DEDC | F9: Text | G9: 12.77 | H9: 4.5 | I9: AAA | J9: =IF(G9>=H9,"PASS","FAIL") -> PASS
A10: light | B10: onSurface | C10: #1A1C1E | D10: surface | E10: #FAFCFF | F10: Text | G10: 16.63 | H10: 4.5 | I10: AAA | J10: =IF(G10>=H10,"PASS","FAIL") -> PASS
A11: light | B11: onSurfaceVariant | C11: #41474D | D11: surface | E11: #FAFCFF | F11: Text | G11: 9.15 | H11: 4.5 | I11: AAA | J11: =IF(G11>=H11,"PASS","FAIL") -> PASS
A12: light | B12: onSurface | C12: #1A1C1E | D12: surfaceContainerLowest | E12: #FFFFFF | F12: Text | G12: 17.09 | H12: 4.5 | I12: AAA | J12: =IF(G12>=H12,"PASS","FAIL") -> PASS
A13: light | B13: onSurface | C13: #1A1C1E | D13: surfaceContainerLow | E13: #F2F6FA | F13: Text | G13: 15.74 | H13: 4.5 | I13: AAA | J13: =IF(G13>=H13,"PASS","FAIL") -> PASS
... A43: dark | B43: onSurface | C43: #E2E2E6 | D43: elevation.level5 | E43: #232E37 | F43: Text (elevation ladder) | G43: 10.71 | H43: 4.5 | I43: AAA | J43: =IF(G43>=H43,"PASS","FAIL") -> PASS
F44: WORST | G44: =MIN(G2:G43) -> 4.36 | J44: =IF(COUNTIF(J2:J43,"FAIL")=0,"ALL PASS","FAILURES PRESENT") -> ALL PASS
F45: EXEMPT | G45: outlineVariant | J45: Decorative divider - WCAG 2.1 SC 1.4.11 covers graphical objects required to understand content; the meaning-bearing boundary token is "outline", gated at 3.0:1
